Employees,Name,java.lang.String,false,false,null
Employees,Dept,java.lang.String,false,false,Department.ID
Employees,id,java.lang.Integer,true,true,null,
Employees,Name,java.lang.String,false,false,null
Employees,Dept,java.lang.String,false,false,Department.ID
Employees,id,java.lang.Integer,true,true,null,
Employees,Name,java.lang.String,false,false,null
Employees,Dept,java.lang.String,false,false,Department.ID
Employees,id,java.lang.Integer,true,true,null,
Employees,Name,java.lang.String,false,false,null
Employees,Dept,java.lang.String,false,false,Department.ID
Employees,id,java.lang.Integer,true,true,null,
Employees,Name,java.lang.String,false,false,null
Employees,Dept,java.lang.String,false,false,Department.ID
Employees,id,java.lang.Integer,true,true,null,
Employees,Name,java.lang.String,false,false,null
Employees,Dept,java.lang.String,false,false,Department.ID
Employees,id,java.lang.Integer,true,true,null,
Employees,Name,java.lang.String,false,false,null
Employees,Dept,java.lang.String,false,false,Department.ID
Employees,id,java.lang.Integer,true,true,null,
